date,sentiment_textblob,sentiment_vader,volume
2008-01-29,-0.5,-0.4215,1
2008-01-31,-0.5,-0.4215,1
2008-02-04,-0.26666666666666666,-0.3754,3
2008-02-06,-0.16874999999999998,-0.04075000000000001,2
2008-02-07,-0.11175616050616048,0.14072307692307692,13
2008-02-08,0.07321428571428572,0.21581666666666668,6
2008-02-09,0.22318181818181815,0.1380727272727273,11
2008-02-10,-0.005514705882352938,0.17305882352941176,17
2008-02-11,0.5,0.4019,1
2008-02-12,-0.12499999999999994,-0.006000000000000005,2
2008-02-13,0.611111111111111,0.22693333333333332,3
2008-02-14,0.7476190476190476,0.7162666666666667,3
2008-02-15,0.3,0.10045000000000001,4
2008-02-17,0.525,0.4245333333333334,3
2008-02-18,-0.2972222222222222,-0.14395,4
2008-02-19,0.15,0.009099999999999997,2
2008-02-20,0.04999999999999999,0.035050000000000026,2
2008-02-22,0.049999999999999996,0.09226666666666666,3
2008-02-24,-0.23750000000000004,-0.16999999999999998,2
2008-02-26,-0.21428571428571427,-0.2023,1
2008-02-27,0.5,0.296,1
2008-02-28,-0.30000000000000004,0.03250000000000003,2
2008-02-29,-0.003333333333333327,-0.020999999999999984,5
2008-03-01,0.346187641723356,0.41412142857142864,14
2008-03-02,0.07540178993429328,0.029327272727272733,44
2008-03-03,0.22390800865800867,0.09097999999999999,20
2008-03-04,0.042792929292929306,0.0004433333333333141,30
2008-03-05,0.12115665013480142,0.15941499999999997,100
2008-03-06,0.11405348124098126,0.22656333333333345,60
2008-03-07,0.11987514307956032,0.19504605263157895,76
2008-03-08,0.08981442676564627,0.21219268292682925,41
2008-03-09,0.1539189951462679,0.07886727272727274,55
2008-03-10,0.10648303503725194,0.048426506024096386,83
2008-03-11,0.11571298595195655,0.1254220588235295,68
2008-03-12,0.08163756893925167,0.13303173076923075,104
2008-03-13,0.013933338486909917,0.08058750000000002,56
2008-03-14,0.14239425273800277,0.13176987179487176,156
2008-03-15,0.1528779157715718,0.15659799999999996,100
2008-03-16,0.1481396443807125,0.10928163265306122,49
2008-03-17,0.08629352850422059,0.10927625899280578,278
2008-03-18,0.10431407291488495,0.08910225080385852,311
2008-03-19,0.12685326089480226,0.1698195046439628,323
2008-03-20,0.08913392714311605,0.1481924369747899,357
2008-03-21,0.08479289106947127,0.18830173913043474,230
2008-03-22,0.15381005810666273,0.2484471365638766,227
2008-03-23,0.08597935520382848,0.15440094339622631,318
2008-03-24,0.07296226023483501,0.12353775811209437,339
2008-03-25,0.08188412946076992,0.043737133550488576,307
2008-03-26,0.10300738754504078,0.12136702412868615,373
2008-03-27,0.12749967409130397,0.16820769230769222,260
2008-03-28,0.1147859429016009,0.20273236074270537,377
2008-03-29,0.15689831582824196,0.264060638297872,188
2008-03-30,0.08728913386426455,0.08765923344947735,287
2008-03-31,0.14955113756588403,0.2233280087527351,457
2008-04-01,0.13325015948393498,0.18334195011337864,441
2008-04-02,0.15327693856352886,0.18637824773413894,331
2008-04-03,0.0887660395218201,0.1210053619302948,373
2008-04-04,0.09638242985055756,0.12830409482758603,464
2008-04-05,0.09816028842597727,0.16552650602409621,249
2008-04-06,0.06614466267286306,0.09586143497757847,223
2008-04-07,0.120864201285152,0.1494696666666667,300
2008-04-08,0.12844128245113764,0.20862845303867367,362
2008-04-09,0.08883328363706229,0.09875917431192657,436
2008-04-10,0.06920847699533922,0.08605900783289813,383
2008-04-11,0.11226635653324676,0.17853101604278052,374
2008-04-12,0.08308039409862995,0.06308942731277528,454
2008-04-13,0.05887866105774452,0.0720051428571428,350
2008-04-14,0.10920111988082994,0.12018862068965525,290
2008-04-15,0.12748356395472152,0.1355325203252031,369
2008-04-16,0.12959213141148246,0.1948754816112082,571
2008-04-17,0.09660755818925904,0.16354723756906064,362
2008-04-18,0.1075302066467678,0.20243670886075957,79
